<?xml version="1.0" encoding="utf-8"?>
<Window bktrans="true" size="120,120">
 <Font id="0" name="宋体" size="13" bold="false"/>
 <Font id="1" name="宋体" size="12"/>
<VerticalLayout bkimage="file='menu_bk.png' corner='40,8,8,8'" hole="false">
	<List header="hidden" inset="8,8,8,8" itemhotimage="file='menu_hot_bk.png' corner='2,2,2,2'" itemdisabledbkcolor="#FF0000FF">
		<ListContainerElement name="menu_Open" height="22" inset="40,0,0,0">
			<Label text="打开" mouse="false"/>
		</ListContainerElement>
		<ListContainerElement name="menu_Stop" height="22" inset="40,0,0,0">
			<Label text="暂停" mouse="false"/>
		</ListContainerElement>
		<ListContainerElement name="menu_Rest" height="22" inset="40,0,0,0">
			<Label text="恢复" mouse="false"/>
		</ListContainerElement>
		<ListContainerElement name="menu_Delete" height="22" inset="40,0,0,0">
			<Label text="删除" mouse="false"/>
		</ListContainerElement>
	</List>
</VerticalLayout>
</Window>